customer_id,country_name,age,customer_name,is_subscriber,subscriber_type,num_streams
2,singapore,36,Ensley Garza,False,aavail_unlimited,12
3,united_states,28,Lillian Carey,False,aavail_premium,22
4,united_states,26,Beau Christensen,True,aavail_basic,19
5,singapore,27,Ernesto Gibson,True,aavail_premium,23
6,united_states,28,Deshawn Murray,True,aavail_premium,20
7,singapore,-45,Daxton Tate,False,aavail_basic,18
8,united_states,-47,Tenley Small,True,aavail_premium,20
9,united_states,27,Kyra Chase,False,aavail_premium,24
10,united_states,32,London Barber,False,aavail_basic,20
12,singapore,45,Romina Ross,True,aavail_unlimited,1
13,united_states,26,Liberty Moore,True,aavail_premium,21
14,united_states,25,Yusuf Huber,True,aavail_basic,22
15,united_states,29,Brantley Suarez,True,aavail_premium,20
16,united_states,28,Skyler Ray,True,aavail_basic,5
17,united_states,33,Joel Boyd,True,aavail_premium,24
18,singapore,-49,Zayne Torres,False,aavail_basic,17
19,united_states,34,Madden Cross,True,aavail_premium,19
20,united_states,26,Jabari Eaton,True,aavail_premium,5
22,singapore,47,Darwin Parker,False,aavail_basic,19
23,united_states,28,Josiah Pruitt,True,aavail_unlimited,23
24,singapore,29,Derek Landry,False,aavail_basic,14
25,singapore,26,Sage Dejesus,True,aavail_basic,15
26,united_states,30,Mikaela Adams,True,aavail_premium,23
27,united_states,27,Jimmy Lee,True,aavail_basic,18
28,united_states,25,Devin Hubbard,True,aavail_basic,14
29,singapore,27,Kameron Miles,True,aavail_basic,18
30,united_states,45,Francisco Jennings,True,aavail_unlimited,21
32,singapore,31,Philip Cunningham,False,aavail_premium,26
33,united_states,34,Landyn Park,True,aavail_unlimited,19
34,singapore,43,Collins Ayers,False,aavail_unlimited,9
35,singapore,48,Cecilia Madden,False,aavail_premium,14
36,singapore,39,Bella Valdez,False,aavail_premium,26
37,united_states,44,Ishaan Cardenas,True,aavail_premium,23
38,united_states,48,Maddox Grimes,True,aavail_basic,21
39,singapore,29,Salma Santana,False,aavail_basic,20
40,singapore,28,Jaime Blackwell,True,aavail_basic,6
41,united_states,27,Cannon Davila,True,aavail_unlimited,19
42,singapore,-43,Oliver Hinton,False,aavail_unlimited,21
43,united_states,38,Santiago Francis,True,aavail_premium,21
44,united_states,32,Remi Mayer,True,aavail_unlimited,23
45,singapore,31,Kingsley Gutierrez,True,aavail_premium,7
46,singapore,28,Megan Shepard,True,aavail_basic,13
47,united_states,49,Robert Nava,True,aavail_basic,5
48,united_states,29,Elijah Austin,True,aavail_unlimited,19
49,united_states,30,Cash Reyes,True,aavail_premium,17
50,singapore,25,Ford Nash,True,aavail_unlimited,10
51,united_states,31,Isabella Simpson,True,aavail_basic,10
52,united_states,50,Lindsey Curry,True,aavail_premium,22
53,united_states,33,Chelsea Klein,False,aavail_premium,22
54,united_states,35,Kinslee Bender,True,aavail_unlimited,16
55,united_states,31,Harvey Hester,True,aavail_basic,18
56,united_states,23,Laila Sanford,True,aavail_unlimited,20
57,united_states,22,Fox Houston,True,aavail_basic,21
58,united_states,48,Dorian Ellis,False,aavail_unlimited,18
59,united_states,30,Rafael Barnes,True,aavail_unlimited,6
60,united_states,25,Aryan Norton,True,aavail_basic,21
61,united_states,29,Mohammad Alvarado,False,aavail_unlimited,19
62,united_states,-49,Raphael Mccann,True,aavail_premium,16
63,united_states,33,Izabella Lawrence,False,aavail_premium,19
64,united_states,50,Bowen Sierra,True,aavail_basic,20
65,united_states,26,Abram Collier,True,aavail_unlimited,8
66,united_states,27,Howard Villa,True,aavail_premium,20
67,united_states,29,Harlan Webb,True,aavail_basic,21
68,united_states,24,Samara Sims,False,aavail_unlimited,23
69,singapore,26,Dominick Reilly,False,aavail_unlimited,19
70,united_states,28,Amira Chen,False,aavail_premium,23
71,united_states,27,River Mcpherson,True,aavail_premium,24
72,united_states,45,Maison Estrada,True,aavail_premium,20
73,united_states,30,Mordechai Grant,True,aavail_basic,10
74,united_states,48,Elianna Peterson,True,aavail_unlimited,23
75,united_states,35,Genesis Weaver,True,aavail_basic,6
76,united_states,28,Mabel Miranda,True,aavail_basic,22
77,united_states,25,Kamilah Dean,False,aavail_premium,20
78,united_states,32,Alfredo Mosley,True,aavail_premium,14
79,united_states,23,Magnus Barrett,False,aavail_premium,18
80,singapore,24,Jedidiah Walter,False,aavail_unlimited,10
81,singapore,26,Ophelia Avila,False,aavail_basic,18
82,united_states,27,Lexi Bradley,True,aavail_premium,22
83,united_states,47,Jairo Walters,True,aavail_unlimited,23
84,united_states,36,Javier Lowe,True,aavail_basic,22
85,united_states,26,Gibson Fernandez,True,aavail_basic,21
86,united_states,28,Lane Richard,False,aavail_basic,23
87,singapore,29,Briar Alvarez,False,aavail_premium,14
88,united_states,31,Camille Mora,True,aavail_basic,18
89,united_states,28,Melanie Ashley,True,aavail_premium,20
90,united_states,26,Carter Sharp,True,aavail_basic,20
91,singapore,30,Baker Terrell,False,aavail_basic,19
92,united_states,26,Callie Hammond,True,aavail_basic,21
93,united_states,23,Amber Marsh,False,aavail_premium,20
94,united_states,47,Tristan Travis,True,aavail_basic,10
95,singapore,44,Chloe Melton,True,aavail_basic,21
96,united_states,32,Dylan Lewis,True,aavail_unlimited,18
97,singapore,42,Ellis Mcconnell,True,aavail_premium,13
98,singapore,-39,Nikolai Lara,False,aavail_basic,18
99,united_states,31,Orion Bell,True,aavail_premium,22
100,singapore,26,Rylan Roberson,False,aavail_premium,17
101,united_states,27,Brysen Reid,True,aavail_basic,24
102,united_states,-46,Myra Blanchard,True,aavail_unlimited,23
103,united_states,38,Jordy Spence,True,aavail_premium,16
104,united_states,25,Alijah Copeland,True,aavail_basic,17
105,united_states,29,Keilani Woods,True,aavail_premium,5
106,united_states,33,Salvatore Robles,True,aavail_unlimited,23
107,united_states,30,Saul Rosas,True,aavail_premium,22
108,singapore,31,Scarlet Xiong,True,aavail_unlimited,10
109,united_states,47,Malik Fletcher,False,aavail_premium,15
110,united_states,30,Parker Goodwin,True,aavail_basic,21
111,united_states,-45,Justice Lynch,True,aavail_premium,22
112,united_states,37,Kian Vega,True,aavail_unlimited,19
113,singapore,46,Elsie Mcgee,False,aavail_premium,25
114,united_states,28,Christina Randolph,True,aavail_unlimited,25
115,united_states,31,Myla Stevens,True,aavail_premium,18
116,singapore,30,Lara Flynn,False,aavail_premium,18
117,singapore,32,Anastasia Khan,False,aavail_basic,16
118,united_states,27,Nikolas Adkins,False,aavail_unlimited,24
119,united_states,22,Andrea Patrick,True,aavail_basic,18
120,singapore,31,Tate Blake,False,aavail_basic,12
121,singapore,29,Sky Sherman,False,aavail_unlimited,15
122,united_states,26,Cara Palmer,True,aavail_premium,20
123,united_states,27,Sutton Hanson,True,aavail_unlimited,21
124,singapore,47,Jaxxon Contreras,True,aavail_premium,13
125,united_states,38,Graysen Decker,False,aavail_basic,16
126,united_states,35,Callum Espinosa,True,aavail_premium,17
127,singapore,26,Lyla Orozco,True,aavail_basic,15
128,united_states,25,Lyra Atkins,True,aavail_basic,22
129,singapore,28,William Pace,False,aavail_unlimited,29
130,united_states,32,Raymond Maxwell,True,aavail_unlimited,16
131,united_states,48,Everett Long,True,aavail_premium,20
132,united_states,35,Hassan Bowman,True,aavail_premium,20
133,united_states,30,Leonel Salgado,False,aavail_basic,21
134,singapore,24,Grey Carson,True,aavail_unlimited,11
135,united_states,33,Hope Hart,True,aavail_premium,20
136,united_states,27,Randy Trevino,True,aavail_unlimited,19
137,singapore,25,Lee Luna,False,aavail_premium,16
138,united_states,25,Ariadne Villanueva,True,aavail_basic,22
139,united_states,31,Cairo Washington,True,aavail_premium,17
140,singapore,29,Mira Frazier,True,aavail_basic,19
141,singapore,29,Rosa Franklin,False,aavail_premium,15
142,united_states,32,Ismael Carrillo,True,aavail_unlimited,20
143,united_states,-47,Jaxx Noble,False,aavail_basic,20
144,united_states,26,London Miller,True,aavail_unlimited,24
145,united_states,32,Oakley Bailey,True,aavail_premium,19
146,united_states,26,Kyng Jefferson,True,aavail_basic,17
147,united_states,34,Eliana Romero,True,aavail_premium,20
148,united_states,30,Caiden Conner,False,aavail_basic,26
149,united_states,25,Cristian Graham,True,aavail_unlimited,17
150,singapore,-45,Wade Johnson,False,aavail_unlimited,19
151,singapore,22,Aubrie Patel,True,aavail_basic,13
152,united_states,30,Kamdyn Vargas,True,aavail_basic,22
153,united_states,27,Roberto Everett,True,aavail_basic,19
154,united_states,45,Eduardo Gould,True,aavail_basic,7
155,singapore,28,Kailyn Mullen,True,aavail_basic,18
156,united_states,30,Dillon Hodge,True,aavail_basic,22
157,united_states,31,Arianna Mullins,False,aavail_basic,23
158,united_states,32,Vanessa Blackburn,True,aavail_premium,25
159,united_states,24,August Skinner,False,aavail_premium,23
160,singapore,32,Willa Lim,False,aavail_premium,7
161,united_states,26,Rogelio Richardson,True,aavail_basic,21
162,united_states,21,Delilah Oneal,True,aavail_basic,17
163,united_states,24,Savannah Peck,True,aavail_basic,17
164,united_states,29,Alejandro Reynolds,True,aavail_premium,20
165,united_states,-39,Maxwell Solomon,True,aavail_premium,17
166,united_states,25,Karina Glass,True,aavail_basic,17
167,united_states,27,Tommy Berg,True,aavail_premium,19
168,united_states,29,Adrien Morrison,False,aavail_basic,19
169,united_states,27,Julian Cortez,True,aavail_premium,17
170,singapore,34,Levi Ellison,True,aavail_basic,18
171,singapore,27,Abby Mcdowell,True,aavail_unlimited,10
172,united_states,24,Axel Clayton,True,aavail_premium,16
173,united_states,28,Miller Leonard,True,aavail_premium,5
174,singapore,22,Gus Merritt,False,aavail_premium,15
175,singapore,25,Brooke Paul,True,aavail_basic,9
176,united_states,24,Sebastian Calhoun,True,aavail_basic,21
177,united_states,27,Clementine Nelson,True,aavail_unlimited,22
178,united_states,48,Kye Blevins,True,aavail_basic,20
179,united_states,27,Katherine Chandler,False,aavail_basic,18
180,united_states,38,Dane Kennedy,True,aavail_premium,20
181,singapore,46,Donovan Kent,False,aavail_premium,18
182,united_states,43,Garrett Beasley,True,aavail_unlimited,18
183,united_states,31,Aileen Mcintosh,False,aavail_basic,17
184,united_states,33,Legacy Anthony,True,aavail_premium,6
185,singapore,48,Walker Jacobson,True,aavail_basic,20
186,united_states,25,Valery Schultz,True,aavail_premium,22
187,united_states,34,Vivian Gallagher,True,aavail_unlimited,18
188,united_states,45,Archer Gilmore,True,aavail_premium,25
189,united_states,40,Jaxton Woodward,True,aavail_premium,22
190,singapore,26,Jett Floyd,False,aavail_premium,15
191,united_states,28,Leland Stein,True,aavail_unlimited,15
192,united_states,30,Khloe Wade,True,aavail_unlimited,25
193,singapore,40,Charlotte Patton,True,aavail_premium,17
194,united_states,-42,Sabrina Morales,True,aavail_unlimited,20
195,singapore,35,Wells Arias,False,aavail_unlimited,18
196,united_states,26,Prince Hurley,True,aavail_premium,20
197,singapore,49,Marie Cain,False,aavail_basic,18
198,united_states,23,Ariah Davenport,False,aavail_premium,19
199,united_states,32,Jewel Delacruz,True,aavail_basic,14
200,united_states,36,Ezra Herman,True,aavail_unlimited,19
201,united_states,24,Tinley Bush,True,aavail_premium,19
202,singapore,27,Malcolm Reed,True,aavail_basic,8
203,united_states,25,Byron Gilbert,True,aavail_basic,21
204,united_states,27,Simone Wheeler,True,aavail_basic,8
205,united_states,49,Alia Bruce,True,aavail_premium,19
206,singapore,25,Lian Conrad,False,aavail_premium,13
207,united_states,45,Augustine Gillespie,True,aavail_premium,18
208,united_states,29,Peyton Beck,True,aavail_basic,18
209,united_states,28,Omar Valencia,True,aavail_unlimited,16
210,united_states,26,Micah Freeman,True,aavail_basic,20
211,united_states,30,Gunner Marin,True,aavail_basic,25
212,singapore,29,Annabel Yu,True,aavail_unlimited,12
213,united_states,22,Elisa Holloway,True,aavail_basic,19
214,singapore,31,Quinton Dixon,True,aavail_basic,12
215,united_states,29,Henley Bond,True,aavail_basic,25
216,singapore,46,Braden Rowe,False,aavail_unlimited,15
217,singapore,32,Graham Knox,False,aavail_unlimited,17
218,united_states,-49,Malia Quintero,True,aavail_unlimited,23
219,united_states,28,Celine Hines,True,aavail_basic,22
220,singapore,26,Wren Whitehead,False,aavail_unlimited,18
221,united_states,27,Avalynn Higgins,True,aavail_premium,21
222,united_states,30,Colin Erickson,False,aavail_basic,24
223,united_states,26,Jamari Gomez,True,aavail_unlimited,25
224,united_states,-47,Misael Riley,True,aavail_basic,13
225,united_states,41,Merrick Soto,True,aavail_basic,17
226,singapore,27,Ryland Vincent,True,aavail_unlimited,13
227,singapore,27,Maia Buchanan,False,aavail_unlimited,8
228,united_states,46,Noe Whitney,True,aavail_premium,16
229,united_states,25,Dakota Mclean,True,aavail_premium,21
230,united_states,43,Della Michael,True,aavail_premium,18
231,united_states,50,Kaylin Tucker,False,aavail_unlimited,21
232,singapore,45,Xander Bryan,True,aavail_unlimited,14
233,singapore,26,Desmond Fox,False,aavail_unlimited,20
234,united_states,29,Greyson Mcclain,True,aavail_basic,17
235,united_states,32,Dash Lam,True,aavail_basic,16
236,united_states,29,Brooklynn Watts,True,aavail_basic,16
237,singapore,46,Alexander Charles,True,aavail_basic,22
238,united_states,28,Jeremy Donaldson,True,aavail_premium,22
239,united_states,26,Emory Saunders,True,aavail_basic,18
240,united_states,44,Maurice Jarvis,True,aavail_premium,16
241,united_states,45,Mariam Stephenson,False,aavail_unlimited,25
242,united_states,-44,Isabel Rodriguez,False,aavail_premium,21
243,singapore,-40,Zainab Hood,False,aavail_premium,9
244,united_states,31,Camden Fitzpatrick,True,aavail_basic,13
245,united_states,29,Joe Young,True,aavail_basic,16
246,united_states,48,Ariyah Castaneda,True,aavail_basic,20
247,singapore,26,Harold Dodson,True,aavail_basic,14
248,singapore,31,Saoirse Kirk,False,aavail_unlimited,10
249,united_states,29,Kaliyah Haynes,True,aavail_basic,16
250,united_states,26,Giselle Mahoney,False,aavail_premium,22
251,singapore,45,Landry Obrien,False,aavail_premium,9
252,singapore,28,Vivaan Chan,False,aavail_basic,9
253,united_states,27,Treasure Hawkins,True,aavail_basic,15
254,united_states,36,Valentin Lin,True,aavail_basic,19
255,united_states,29,Andre Randall,True,aavail_basic,19
256,singapore,29,Hayes Armstrong,False,aavail_premium,18
257,united_states,29,Hadley Booth,True,aavail_premium,16
258,united_states,36,Kalani Thomas,True,aavail_unlimited,21
259,singapore,32,Mateo Dalton,False,aavail_premium,6
260,singapore,28,Dominik Maddox,False,aavail_basic,13
261,united_states,26,Luna Parsons,True,aavail_unlimited,21
262,united_states,31,Liana Schmidt,True,aavail_unlimited,23
263,singapore,27,Mason Swanson,False,aavail_unlimited,14
264,united_states,41,Luis Cano,True,aavail_premium,25
265,united_states,25,Linda Lloyd,False,aavail_unlimited,21
266,united_states,45,Jamie Stephens,True,aavail_basic,14
267,singapore,24,Delaney Sexton,False,aavail_premium,9
268,united_states,33,Keily Hobbs,True,aavail_basic,21
269,united_states,28,Hudson Ortega,True,aavail_premium,21
270,united_states,42,Taylor Nguyen,True,aavail_premium,24
271,united_states,25,Chanel Salazar,True,aavail_basic,19
272,united_states,27,Michelle Gallegos,True,aavail_unlimited,22
273,united_states,30,Bonnie Duncan,True,aavail_unlimited,8
274,united_states,27,Laurel James,True,aavail_unlimited,23
275,united_states,23,Dariel Esquivel,True,aavail_premium,15
276,united_states,29,Tony Munoz,True,aavail_premium,18
277,united_states,32,Kallie Valentine,True,aavail_basic,18
278,united_states,31,Avah Leblanc,True,aavail_basic,17
279,united_states,26,Remington Figueroa,False,aavail_premium,22
280,united_states,42,Zaniyah Maldonado,True,aavail_unlimited,14
281,united_states,-45,Arlette Garner,True,aavail_unlimited,19
282,united_states,46,Mohamed Fields,True,aavail_premium,18
283,united_states,32,Kash Dominguez,False,aavail_unlimited,21
284,singapore,29,Jace Rasmussen,False,aavail_unlimited,22
285,united_states,32,Derrick Curtis,True,aavail_premium,20
286,united_states,30,Tucker Juarez,True,aavail_premium,19
287,united_states,23,Jayceon Horton,True,aavail_basic,22
288,united_states,32,Jon Rowland,True,aavail_unlimited,23
289,united_states,28,Jesse Brown,True,aavail_premium,21
290,united_states,29,Curtis Little,True,aavail_basic,23
291,united_states,47,Jaiden White,True,aavail_premium,12
292,united_states,23,Aden Duffy,False,aavail_unlimited,5
293,united_states,29,Eve Nichols,True,aavail_basic,17
294,united_states,31,Justin Stafford,True,aavail_basic,22
295,united_states,34,Bishop Weber,True,aavail_unlimited,19
296,united_states,32,Jeffrey Phan,True,aavail_unlimited,20
297,united_states,41,Caroline Brock,True,aavail_basic,6
298,singapore,-48,Ariel Espinoza,False,aavail_unlimited,27
299,united_states,30,Jolie Guerra,True,aavail_premium,20
300,united_states,45,Israel Perry,True,aavail_premium,22
302,singapore,37,Joziah Spears,False,aavail_basic,16
303,united_states,46,Bowie Stevenson,True,aavail_unlimited,21
304,singapore,23,Leila Quintana,False,aavail_unlimited,12
305,singapore,28,Maleah Keller,False,aavail_basic,20
306,united_states,26,Alma Robbins,True,aavail_premium,23
307,united_states,29,Kalel Daniel,True,aavail_premium,17
308,united_states,43,Otto Underwood,True,aavail_basic,22
309,united_states,24,Taliyah Garrett,True,aavail_basic,13
310,united_states,-44,Luca Tran,True,aavail_premium,13
311,singapore,-43,Marcel Medina,True,aavail_basic,10
312,singapore,39,Nova Flores,False,aavail_basic,9
313,united_states,39,John Crosby,False,aavail_basic,20
314,singapore,27,Reign Montes,False,aavail_unlimited,1
315,united_states,26,Rosie Kramer,True,aavail_basic,23
316,singapore,26,Kamryn Maynard,False,aavail_premium,22
317,united_states,26,Alaric Levy,True,aavail_premium,15
318,singapore,28,Ruben Camacho,True,aavail_premium,8
319,united_states,29,Landon Ramos,False,aavail_unlimited,19
320,united_states,44,Jonah Moran,False,aavail_basic,22
321,united_states,21,Alex Massey,True,aavail_basic,21
322,singapore,21,Amy Schneider,True,aavail_unlimited,11
323,united_states,27,Rory York,True,aavail_premium,9
324,united_states,27,Benjamin Lawson,True,aavail_premium,4
325,united_states,29,Nora Dunn,True,aavail_premium,12
326,united_states,40,Arielle Gross,True,aavail_premium,12
327,united_states,26,Finn Delgado,True,aavail_basic,21
328,united_states,47,Jillian Rios,False,aavail_unlimited,9
329,united_states,28,Vincenzo Mckinney,True,aavail_premium,19
330,united_states,44,Dax Ryan,True,aavail_unlimited,20
331,united_states,28,Keanu Sullivan,True,aavail_basic,21
332,united_states,26,Emilee Green,True,aavail_premium,20
333,united_states,31,Caden Vazquez,True,aavail_basic,23
334,united_states,48,Esteban Navarro,True,aavail_unlimited,21
335,united_states,29,Titus Harvey,False,aavail_basic,17
336,singapore,30,Rhys Schwartz,False,aavail_basic,18
337,singapore,-48,Helen Moss,True,aavail_basic,14
338,united_states,40,Talia Edwards,True,aavail_premium,12
339,singapore,28,Dawson Orr,True,aavail_basic,18
340,singapore,-49,Yosef Bentley,False,aavail_unlimited,10
341,singapore,34,Cesar Barnett,True,aavail_basic,18
342,singapore,30,Atlas Trejo,True,aavail_basic,22
343,united_states,27,Roger Reese,True,aavail_premium,19
344,united_states,42,Frank Warren,False,aavail_unlimited,17
345,united_states,-41,Edwin Frederick,False,aavail_basic,21
346,united_states,30,Ana Pacheco,True,aavail_basic,19
347,singapore,23,Noemi Bradford,False,aavail_premium,16
348,united_states,28,Duke Giles,True,aavail_unlimited,21
349,united_states,-44,Kaiser Santos,True,aavail_basic,22
350,united_states,45,Carly Norris,True,aavail_basic,18
351,united_states,29,Cedric Flowers,True,aavail_basic,21
352,united_states,39,Emilia Odonnell,False,aavail_unlimited,14
353,united_states,39,Iliana Clements,True,aavail_basic,26
354,united_states,28,Albert Lowery,True,aavail_unlimited,22
355,united_states,27,Casen Mccarty,True,aavail_unlimited,22
356,united_states,25,Emmalyn Moses,True,aavail_premium,25
357,united_states,26,Miguel Lu,True,aavail_unlimited,19
358,singapore,28,Jude Mcbride,False,aavail_basic,11
359,united_states,25,Irene Durham,True,aavail_premium,20
360,united_states,-49,Markus Mcguire,True,aavail_basic,18
361,united_states,33,Fernando Serrano,True,aavail_unlimited,12
362,united_states,20,Rowan Moyer,True,aavail_unlimited,17
363,united_states,27,Isaiah Herrera,True,aavail_premium,22
364,united_states,28,Trace King,True,aavail_basic,21
365,united_states,30,Angel Hurst,False,aavail_unlimited,17
366,singapore,25,Enrique Palacios,False,aavail_premium,13
367,singapore,31,Lennox Dudley,False,aavail_unlimited,10
368,united_states,24,Louisa Lester,True,aavail_unlimited,25
369,united_states,26,Bryson Mayo,True,aavail_basic,17
370,singapore,30,Charles Tanner,True,aavail_unlimited,15
371,singapore,45,Camilo Monroe,True,aavail_premium,14
372,united_states,31,Mohammed Farley,False,aavail_basic,23
373,united_states,24,Tristian Hail,True,aavail_basic,15
374,united_states,-48,Aliya Hardin,True,aavail_unlimited,9
375,united_states,36,Daniel Dickson,False,aavail_premium,22
376,united_states,25,Julius Leacock,True,aavail_basic,20
377,united_states,-41,Zariyah Velazquez,True,aavail_premium,19
378,united_states,24,Lorenzo Magana,True,aavail_premium,22
379,united_states,29,Mya Humphrey,False,aavail_premium,17
380,united_states,41,Arthur Dyer,True,aavail_basic,17
381,united_states,39,Arian Cobb,True,aavail_unlimited,18
382,united_states,47,Elizabeth Baxter,True,aavail_basic,13
383,united_states,27,Gabriella Stanton,True,aavail_basic,20
384,united_states,27,Dayana Petersen,True,aavail_premium,24
385,singapore,30,Vienna Hoover,False,aavail_unlimited,11
386,united_states,23,Egypt Carr,True,aavail_premium,20
387,united_states,23,Keith Burgess,True,aavail_basic,19
388,united_states,26,Jaxtyn Galindo,True,aavail_unlimited,18
389,united_states,-47,Jada Scott,True,aavail_premium,15
390,singapore,30,Kaiya Hutchinson,True,aavail_unlimited,13
391,singapore,26,Kaylee Acevedo,True,aavail_basic,11
392,united_states,33,Bryce Morrow,True,aavail_premium,20
393,united_states,32,Gatlin Mack,True,aavail_premium,3
394,singapore,29,Selena Shaffer,False,aavail_unlimited,10
395,singapore,29,Caleb Fleming,False,aavail_basic,21
396,united_states,29,Liliana Morse,True,aavail_premium,17
397,singapore,28,Eleanor Huffman,True,aavail_basic,15
398,singapore,40,Emanuel Oneill,False,aavail_unlimited,13
399,united_states,45,Arabella Hampton,True,aavail_unlimited,18
400,united_states,27,Siena Watson,True,aavail_premium,21
402,united_states,-46,Joanna Rivers,True,aavail_basic,22
403,united_states,36,Ben Sanders,True,aavail_unlimited,21
404,singapore,25,Ember Mcdaniel,True,aavail_premium,10
405,united_states,47,Eugene Koch,True,aavail_unlimited,25
406,singapore,20,Greta Greer,True,aavail_unlimited,22
407,united_states,43,Camdyn Pugh,True,aavail_premium,19
408,united_states,47,Gary Gibbs,False,aavail_unlimited,14
409,united_states,31,Lilian Larson,False,aavail_premium,25
410,united_states,50,Gunnar Powers,True,aavail_unlimited,12
411,united_states,28,Brecken Alfaro,False,aavail_premium,22
412,singapore,46,Carolyn Fowler,True,aavail_premium,21
413,singapore,28,Nadia Coleman,False,aavail_basic,18
414,united_states,39,Ahmad Dougherty,True,aavail_unlimited,21
415,united_states,29,Alianna Schaefer,True,aavail_premium,23
416,united_states,26,Jacoby Cherry,True,aavail_unlimited,16
417,united_states,25,Jensen Meadows,True,aavail_basic,13
418,united_states,43,Remington Rojas,True,aavail_basic,18
419,united_states,-45,Rebekah Graves,True,aavail_basic,22
420,united_states,47,Jazmine Zhang,True,aavail_premium,17
421,united_states,-49,Sarah Mcmillan,True,aavail_basic,20
422,singapore,27,Leia Macias,False,aavail_premium,6
423,singapore,32,Erick Kane,True,aavail_basic,20
424,singapore,24,Jamal Wolfe,False,aavail_premium,15
425,singapore,20,Myles Barr,False,aavail_basic,16
426,united_states,26,Dangelo Douglas,True,aavail_premium,20
427,singapore,31,Case Stout,True,aavail_basic,19
428,united_states,23,Melissa Cameron,True,aavail_basic,24
429,singapore,23,Nathan Ruiz,False,aavail_basic,22
430,singapore,29,Cameron Becker,False,aavail_unlimited,6
431,united_states,36,Houston Benton,True,aavail_unlimited,8
432,united_states,48,Kiana Craig,True,aavail_unlimited,14
433,singapore,-49,Alison Cline,False,aavail_basic,17
434,united_states,44,Cullen Daniels,True,aavail_unlimited,19
435,united_states,24,Lawrence Buck,True,aavail_unlimited,20
436,united_states,24,Jaylene Barry,False,aavail_unlimited,25
437,singapore,41,Cassius Finley,False,aavail_basic,19
438,singapore,28,Milena Melendez,False,aavail_unlimited,28
439,united_states,32,Maggie Glenn,True,aavail_premium,19
440,singapore,26,Nolan Salas,True,aavail_premium,21
441,singapore,23,Ricardo Howell,True,aavail_unlimited,22
442,united_states,29,Judith Hunt,True,aavail_basic,19
443,united_states,29,Alvin Cooper,True,aavail_basic,18
444,united_states,33,Adrian Roth,True,aavail_premium,16
445,united_states,30,Adeline Mcfarland,True,aavail_basic,22
446,united_states,30,Iris Hernandez,True,aavail_basic,20
447,united_states,-49,Kimber Roberts,True,aavail_unlimited,20
448,singapore,27,Raina Ayala,True,aavail_basic,13
449,united_states,35,Moshe Mccormick,True,aavail_unlimited,22
450,united_states,-47,Kase Watkins,True,aavail_premium,15
451,singapore,27,Helena Garrison,True,aavail_basic,19
452,united_states,26,Ace Crane,True,aavail_unlimited,23
453,singapore,33,George Butler,False,aavail_unlimited,12
454,singapore,24,Mallory Wilcox,True,aavail_basic,7
455,united_states,22,Nehemiah Bravo,True,aavail_premium,14
456,united_states,41,Tadeo Davis,False,aavail_basic,12
457,united_states,28,Kellen Castillo,True,aavail_premium,18
458,united_states,28,Kevin Garcia,True,aavail_premium,11
459,singapore,26,Noah Vaughan,True,aavail_basic,10
460,united_states,30,Damien Berry,True,aavail_unlimited,19
461,singapore,24,Nixon Perkins,True,aavail_basic,8
462,united_states,27,Malaya Tang,True,aavail_premium,24
463,united_states,26,Raelyn Acosta,True,aavail_basic,17
464,united_states,25,Asa Pierce,True,aavail_unlimited,18
465,united_states,28,Amanda Cox,True,aavail_unlimited,8
466,united_states,31,Ridge Christian,True,aavail_premium,22
467,singapore,43,Kylo Kaur,True,aavail_basic,22
468,singapore,34,Kayla Bennett,False,aavail_unlimited,11
469,united_states,30,Atticus Morris,True,aavail_basic,18
470,united_states,20,Catalina Arroyo,True,aavail_premium,13
471,united_states,45,Kamari Waller,True,aavail_premium,19
472,singapore,28,Nancy Webster,True,aavail_basic,19
473,united_states,28,Ali Rivera,False,aavail_unlimited,20
474,singapore,-44,Alondra Middleton,True,aavail_basic,11
475,singapore,49,Braylen Compton,False,aavail_unlimited,13
476,united_states,31,Evelynn Stewart,True,aavail_premium,22
477,united_states,29,Emmitt Hoffman,True,aavail_unlimited,17
478,singapore,38,Bobby Anderson,True,aavail_basic,12
479,united_states,45,Ivanna Owen,True,aavail_unlimited,23
480,singapore,45,Maddux Liu,True,aavail_unlimited,18
481,singapore,32,Regina Quinn,False,aavail_unlimited,8
482,united_states,29,Raquel Walls,True,aavail_premium,21
483,united_states,32,Kendall Gordon,True,aavail_premium,11
484,singapore,39,Sierra Whitaker,False,aavail_premium,4
485,singapore,27,Angelo Santiago,True,aavail_basic,15
486,singapore,27,Averie Delarosa,True,aavail_premium,17
487,united_states,45,Bentley Terry,True,aavail_unlimited,16
488,singapore,29,Henrik Pearson,False,aavail_unlimited,15
489,singapore,44,Pearl Wood,True,aavail_unlimited,5
490,singapore,26,Kelsey Jones,True,aavail_premium,13
491,singapore,26,Terrell Burch,False,aavail_basic,19
492,united_states,26,Alaina Hull,True,aavail_premium,21
493,singapore,43,Maverick Wang,True,aavail_premium,7
494,singapore,26,Quincy Nunez,False,aavail_premium,13
495,united_states,30,Oscar Black,False,aavail_premium,26
496,united_states,44,Achilles Lang,True,aavail_basic,21
497,united_states,22,Deacon Porter,True,aavail_unlimited,21
498,singapore,23,Romeo Campbell,True,aavail_basic,16
499,united_states,33,Eloise Hendricks,True,aavail_premium,27
500,united_states,26,Hayley Harrell,True,aavail_unlimited,19
1,united_states,27,Kasen Todd,True,aavail_premium,23
11,united_states,20,Rohan Rivas,True,aavail_premium,18
21,singapore,44,Claudia Hickman,False,aavail_unlimited,5
31,united_states,25,Dalary Rubio,True,aavail_unlimited,20
301,singapore,43,Jamie Fisher,False,aavail_basic,18
401,singapore,27,Brodie Hill,True,aavail_premium,16
501,united_states,28,Madelynn Conley,True,aavail_premium,19
502,united_states,24,Nelson Avalos,True,aavail_basic,20
503,singapore,28,Silas Bass,False,aavail_basic,11
504,singapore,25,Amora Phillips,True,aavail_basic,19
505,singapore,23,Alejandra Wilkins,True,aavail_basic,10
506,singapore,32,Genesis Yoder,True,aavail_basic,20
507,singapore,32,Skylar Rosario,False,aavail_basic,15
508,united_states,27,Ariana Waters,True,aavail_basic,17
509,united_states,31,Amaia Zavala,False,aavail_unlimited,23
510,united_states,34,Josephine Bartlett,True,aavail_basic,16
511,united_states,30,Maddison Cohen,True,aavail_premium,18
512,united_states,-45,Kade Norman,True,aavail_premium,20
513,united_states,29,Claire Brandt,True,aavail_basic,24
514,united_states,44,Hadassah Barker,True,aavail_basic,19
515,singapore,46,Andres Barrera,True,aavail_basic,16
516,united_states,29,Abdiel Wu,True,aavail_basic,20
517,singapore,29,Cyrus Case,False,aavail_premium,18
518,singapore,27,Amia Gregory,False,aavail_basic,19
519,united_states,46,Harlee Davidson,True,aavail_basic,17
520,united_states,27,Leandro Ibarra,True,aavail_basic,18
521,united_states,29,Fabian Fuentes,True,aavail_premium,16
522,united_states,27,Brayden Oconnell,True,aavail_unlimited,16
523,singapore,43,Zara Sanchez,True,aavail_basic,20
524,united_states,46,Malaysia Callahan,True,aavail_premium,4
525,united_states,27,Cameron Hale,True,aavail_unlimited,18
526,singapore,28,Thaddeus Spencer,True,aavail_basic,19
527,united_states,31,Jayce Logan,True,aavail_basic,17
528,singapore,25,Gabriel Hughes,False,aavail_premium,5
529,united_states,46,Jericho Mata,True,aavail_unlimited,21
530,singapore,29,Virginia Peralta,False,aavail_unlimited,21
531,united_states,30,Oakley Mcdonald,True,aavail_premium,19
532,united_states,29,Jimena Wilkinson,True,aavail_premium,19
533,singapore,46,Ella Daugherty,True,aavail_basic,17
534,united_states,41,Jason Salinas,True,aavail_premium,21
535,united_states,26,Ryann Briggs,True,aavail_basic,20
536,united_states,45,Heidi Andrade,True,aavail_unlimited,17
537,united_states,22,Queen Farrell,True,aavail_unlimited,17
538,united_states,30,Hendrix Wyatt,True,aavail_basic,24
539,singapore,29,Emory Schmitt,False,aavail_unlimited,8
540,united_states,31,Ryan Ward,True,aavail_basic,22
541,united_states,26,Sarai Parrish,True,aavail_basic,15
542,united_states,-49,Whitley Ware,True,aavail_premium,17
543,singapore,30,Jameson Matthews,False,aavail_unlimited,14
544,united_states,31,Mariana Shields,False,aavail_premium,18
545,united_states,28,Kara Jaramillo,False,aavail_basic,18
546,united_states,29,Knox Payne,True,aavail_unlimited,22
547,united_states,45,Cayden Pitts,True,aavail_basic,20
548,united_states,29,Alyssa Costa,True,aavail_basic,20
549,singapore,26,Solomon Murillo,False,aavail_unlimited,16
550,united_states,46,Miah Sawyer,False,aavail_basic,21
551,united_states,30,Josue Casey,False,aavail_unlimited,9
552,singapore,33,Kadence Johnston,False,aavail_basic,17
553,united_states,28,Harrison Byrd,True,aavail_basic,20
554,united_states,24,Alec Kerr,False,aavail_premium,24
555,united_states,47,Rose Potter,True,aavail_unlimited,19
556,united_states,49,Kaleb Newman,True,aavail_unlimited,20
557,united_states,26,Phoenix Medrano,True,aavail_premium,22
558,united_states,48,Terry Vu,False,aavail_basic,13
559,singapore,23,Luella Thornton,True,aavail_basic,16
560,united_states,32,Jaylee Mercado,True,aavail_unlimited,14
561,united_states,30,Sara Singleton,False,aavail_unlimited,22
562,united_states,26,Kylan Savage,True,aavail_unlimited,22
563,united_states,24,Watson Moody,False,aavail_basic,21
564,united_states,26,Anson Diaz,True,aavail_unlimited,21
565,united_states,45,Bo Allen,True,aavail_unlimited,21
566,united_states,26,Cain Glover,True,aavail_basic,19
567,united_states,27,Koda Chang,True,aavail_basic,20
568,united_states,28,Zayn Aguilar,True,aavail_basic,22
569,united_states,32,Nathalie Horn,False,aavail_premium,13
570,united_states,25,Aron Sosa,True,aavail_basic,14
571,united_states,23,Santino Haley,False,aavail_premium,20
572,united_states,41,Genevieve Bullock,False,aavail_unlimited,23
573,singapore,25,Chris Pennington,True,aavail_unlimited,17
574,singapore,27,Khaleesi Crawford,False,aavail_premium,15
575,united_states,26,Scarlette Hamilton,True,aavail_basic,22
576,united_states,27,Mae Willis,True,aavail_basic,19
577,singapore,27,James Prince,False,aavail_unlimited,16
578,united_states,39,Milani Mann,False,aavail_unlimited,17
579,united_states,31,Elias Dennis,True,aavail_premium,15
580,singapore,26,Avery Holmes,False,aavail_unlimited,12
581,singapore,27,Guillermo Pratt,True,aavail_basic,20
582,united_states,30,Tatiana Abbott,True,aavail_unlimited,15
583,united_states,25,Mathias Mills,True,aavail_premium,21
584,united_states,-48,Liam Taylor,True,aavail_unlimited,4
585,united_states,29,Lea Weeks,True,aavail_premium,15
586,united_states,50,Trey Cervantes,True,aavail_basic,14
587,united_states,29,Jeremias Castro,True,aavail_unlimited,21
588,united_states,50,Matias Velasquez,True,aavail_basic,24
589,united_states,28,Milan Raymond,True,aavail_unlimited,22
590,united_states,25,Zachariah Zuniga,True,aavail_basic,22
591,united_states,32,Yahir Harding,True,aavail_basic,21
592,united_states,-49,Aubrey Meyers,True,aavail_premium,8
593,united_states,35,Kairo Golden,True,aavail_basic,18
594,united_states,28,Martin Baker,True,aavail_basic,23
595,singapore,25,Dream Esparza,False,aavail_premium,21
596,united_states,45,Maximus Turner,True,aavail_unlimited,18
597,united_states,28,Hazel Alexander,True,aavail_premium,21
598,united_states,42,Leroy Carter,True,aavail_unlimited,25
599,united_states,31,Joaquin Keith,True,aavail_premium,19
600,singapore,26,Walter French,True,aavail_unlimited,11
601,singapore,28,Wilson Henson,True,aavail_basic,18
602,united_states,40,Juan Mckee,True,aavail_unlimited,10
603,singapore,29,Shiloh Carlson,False,aavail_unlimited,10
604,united_states,39,Jefferson Roy,True,aavail_premium,25
605,united_states,32,Briar Vaughn,True,aavail_basic,14
606,united_states,30,King Gaines,True,aavail_basic,20
607,united_states,30,Kolton Harmon,True,aavail_premium,20
608,united_states,26,Amos Dorsey,True,aavail_basic,21
609,united_states,-47,Sam Bridges,True,aavail_unlimited,18
610,singapore,43,Ayla Henry,False,aavail_unlimited,7
611,united_states,-48,Konnor Chambers,True,aavail_unlimited,19
612,united_states,45,Estella Ramirez,True,aavail_basic,23
613,united_states,29,June Williams,True,aavail_basic,22
614,united_states,26,Juelz Wong,True,aavail_premium,20
615,singapore,42,Nova Montgomery,True,aavail_basic,9
616,singapore,31,Amani Felix,False,aavail_unlimited,23
617,united_states,38,Moises Wagner,True,aavail_basic,21
618,singapore,42,Joshua Woodard,False,aavail_premium,22
619,united_states,31,Alice Montoya,False,aavail_premium,21
620,united_states,-45,Evie Mason,True,aavail_basic,20
621,united_states,30,Isaac Buckley,True,aavail_basic,19
622,singapore,27,Hayden Shannon,True,aavail_basic,13
623,united_states,27,Callen Villegas,True,aavail_unlimited,9
624,united_states,33,Zakai Jimenez,True,aavail_unlimited,20
625,singapore,26,Karter Simon,False,aavail_unlimited,13
626,singapore,31,Charlie Elliott,True,aavail_basic,16
627,united_states,39,Francis Cuevas,True,aavail_unlimited,16
628,united_states,-41,Ruby Fischer,True,aavail_unlimited,25
629,united_states,28,Jesiah Chapman,True,aavail_unlimited,24
630,united_states,27,Davis Pena,True,aavail_unlimited,19
631,singapore,41,Yareli Person,False,aavail_basic,14
632,singapore,23,Holly Sloan,False,aavail_basic,8
633,singapore,29,Killian Hahn,False,aavail_unlimited,18
634,singapore,28,Reign Pineda,True,aavail_unlimited,16
635,united_states,33,Phillip Zamora,True,aavail_unlimited,25
636,singapore,25,Jadiel Lucero,False,aavail_unlimited,18
637,united_states,50,Holden Osborne,True,aavail_basic,10
638,united_states,34,Frederick Andersen,False,aavail_basic,22
639,united_states,29,Fisher Padilla,True,aavail_unlimited,23
640,singapore,28,Johan Beard,False,aavail_unlimited,14
641,singapore,26,Boone Larsen,True,aavail_unlimited,11
642,singapore,29,Payton Coffey,True,aavail_premium,24
643,singapore,45,Azariah Mathews,False,aavail_premium,11
644,united_states,44,Diego Mueller,True,aavail_unlimited,20
645,singapore,29,Brycen Hogan,False,aavail_unlimited,12
646,singapore,38,Jaycee Powell,False,aavail_basic,22
647,singapore,45,Karson Johns,True,aavail_unlimited,12
648,united_states,39,Addisyn George,True,aavail_premium,22
649,united_states,31,Aylin Wiley,True,aavail_unlimited,18
650,singapore,25,Patrick Robertson,False,aavail_basic,8
651,united_states,32,Terrence House,True,aavail_premium,19
652,singapore,28,Ivan Andrews,False,aavail_premium,19
653,united_states,30,Caspian Beltran,True,aavail_premium,18
654,united_states,27,Estrella Aguirre,True,aavail_premium,21
655,united_states,36,Alessandro Calderon,True,aavail_premium,19
656,united_states,47,Stanley Morton,True,aavail_premium,16
657,united_states,42,Alberto Combs,False,aavail_premium,20
658,singapore,25,Shepherd Kelley,True,aavail_premium,17
659,singapore,28,Molly Rose,True,aavail_basic,20
660,singapore,29,Julien Mccullough,False,aavail_unlimited,10
661,united_states,24,Owen David,True,aavail_premium,17
662,united_states,30,Rayna Huff,True,aavail_basic,22
663,united_states,31,Adalyn Roman,True,aavail_premium,12
664,united_states,26,Mario Rodgers,True,aavail_basic,18
665,united_states,-44,Dustin Ford,True,aavail_unlimited,21
666,united_states,25,Larry Dunlap,True,aavail_unlimited,18
667,united_states,-48,Bradley Pittman,True,aavail_premium,19
668,united_states,27,Ezra Lozano,True,aavail_unlimited,21
669,singapore,28,Franco Kirby,False,aavail_premium,14
670,united_states,27,Weston Sweeney,True,aavail_unlimited,16
671,united_states,28,Melvin Hensley,True,aavail_unlimited,16
672,united_states,28,Kyla Olson,True,aavail_basic,23
673,united_states,23,Rex Bates,False,aavail_premium,17
674,united_states,24,Sean Reeves,True,aavail_unlimited,18
675,united_states,20,Blake Mendoza,True,aavail_unlimited,24
676,singapore,31,Dana Frye,False,aavail_premium,14
677,united_states,-44,Quentin Knight,True,aavail_basic,23
678,singapore,28,Grady Day,False,aavail_premium,12
679,united_states,42,Kamiyah Myers,True,aavail_premium,19
680,united_states,31,Edith Guzman,True,aavail_unlimited,17
681,united_states,47,Bailee Greene,True,aavail_basic,18
682,united_states,30,Cory Doyle,True,aavail_premium,20
683,singapore,25,Draven Summers,True,aavail_basic,14
684,united_states,27,Paisley Lamb,True,aavail_premium,22
685,singapore,44,Destiny Barajas,False,aavail_premium,8
686,united_states,29,Zaiden Meza,True,aavail_unlimited,21
687,united_states,26,Henry Richmond,True,aavail_unlimited,19
688,singapore,23,Reed Huerta,False,aavail_unlimited,20
689,united_states,47,Brynleigh Wall,True,aavail_premium,5
690,singapore,47,Imran Lopez,True,aavail_premium,13
691,singapore,33,Ulises Cannon,False,aavail_basic,19
692,singapore,32,Lennon Hodges,True,aavail_premium,18
693,singapore,27,Jaziel Estes,False,aavail_unlimited,16
694,united_states,30,Darius Peters,True,aavail_premium,23
695,united_states,46,Tobias Winters,True,aavail_premium,20
696,singapore,27,Evangeline Robinson,False,aavail_premium,23
697,singapore,25,Alexzander Novak,False,aavail_unlimited,8
698,singapore,32,Leonidas Ochoa,False,aavail_unlimited,10
699,united_states,46,Jamir Wilkerson,True,aavail_unlimited,20
700,united_states,23,Wesson Ramsey,True,aavail_premium,23
701,united_states,27,Vincent Stone,True,aavail_unlimited,17
702,united_states,28,Karter Wilson,True,aavail_basic,23
703,united_states,33,Shepard Hunter,True,aavail_premium,7
704,singapore,31,Jeffery Heath,False,aavail_unlimited,17
705,united_states,23,Aldo Hess,False,aavail_premium,20
706,united_states,28,Colette Sellers,True,aavail_premium,22
707,singapore,30,Memphis Huang,False,aavail_basic,20
708,united_states,48,Lucy Ingram,True,aavail_unlimited,21
709,united_states,49,Demetrius Martinez,True,aavail_basic,14
710,united_states,28,Mckenzie Kelly,True,aavail_premium,19
711,united_states,-46,Juniper Walton,True,aavail_basic,19
712,united_states,27,Mathew Ballard,True,aavail_premium,12
713,united_states,29,Porter Thompson,True,aavail_unlimited,18
714,singapore,23,Lincoln Meyer,False,aavail_premium,18
715,united_states,26,Troy Corona,True,aavail_basic,19
716,united_states,29,Hadlee Walker,False,aavail_basic,21
717,united_states,30,Renata Fuller,False,aavail_premium,25
718,united_states,28,Etta Joseph,False,aavail_premium,23
719,singapore,27,Emmett Evans,False,aavail_basic,18
720,singapore,28,Mylah Cummings,True,aavail_premium,20
721,singapore,30,Violet Duke,False,aavail_basic,21
722,united_states,28,Samir Mclaughlin,True,aavail_premium,20
723,singapore,48,Zander Cisneros,False,aavail_premium,12
724,singapore,45,Lylah Sandoval,False,aavail_unlimited,16
725,united_states,24,Conner Stanley,True,aavail_basic,13
726,singapore,24,Leona Beil,True,aavail_basic,17
727,singapore,24,Bruce Carpenter,False,aavail_unlimited,17
728,united_states,-48,Kennedi Galvan,True,aavail_premium,22
729,united_states,32,Briggs Clark,True,aavail_premium,20
730,united_states,29,Zev Cochran,True,aavail_basic,17
731,united_states,28,Lyric Boone,True,aavail_premium,17
732,united_states,27,Aiyana Carroll,True,aavail_basic,13
733,singapore,26,Kelly Goodman,True,aavail_basic,2
734,united_states,32,Augustus Walsh,True,aavail_unlimited,18
735,united_states,31,Dante Avery,True,aavail_premium,21
736,united_states,34,Ariel Ball,False,aavail_basic,25
737,united_states,43,Armando Portillo,True,aavail_unlimited,22
738,singapore,40,Marley Bernal,False,aavail_premium,20
739,united_states,26,Mark Knapp,True,aavail_unlimited,22
740,singapore,31,Layne Wolf,False,aavail_premium,17
741,united_states,28,Enoch Brady,True,aavail_basic,15
742,united_states,46,Otis Hopkins,True,aavail_unlimited,19
743,united_states,27,Bristol Strong,True,aavail_basic,23
744,singapore,33,Mustafa Kemp,False,aavail_unlimited,4
745,united_states,32,Arturo Barron,True,aavail_unlimited,21
746,singapore,28,Justice Dawson,False,aavail_unlimited,20
747,united_states,29,Lochlan Guevara,False,aavail_unlimited,17
748,united_states,29,Colson Mendez,True,aavail_premium,15
749,singapore,23,Nevaeh Warner,False,aavail_unlimited,18
750,united_states,29,Heavenly Herring,True,aavail_unlimited,2
751,united_states,26,Angel Rogers,False,aavail_unlimited,17
752,united_states,-47,Ruth Pope,True,aavail_unlimited,18
753,united_states,24,Aubree Nixon,True,aavail_unlimited,22
754,united_states,45,Roman Wallace,True,aavail_unlimited,17
755,united_states,26,Alfonso Chavez,True,aavail_premium,24
756,united_states,26,Amiya Shah,False,aavail_basic,21
757,united_states,31,Lorelei Hall,True,aavail_premium,17
758,united_states,25,Anderson Yang,True,aavail_unlimited,16
759,united_states,48,Jane Mcmahon,False,aavail_basic,22
760,united_states,26,Meghan Conway,False,aavail_unlimited,19
761,singapore,29,Heath Valenzuela,False,aavail_unlimited,27
762,singapore,24,Alvaro Steele,False,aavail_premium,15
763,united_states,26,Devon Branch,True,aavail_basic,19
764,united_states,23,Celeste Holt,True,aavail_basic,16
765,singapore,47,Amari Griffith,False,aavail_premium,11
766,united_states,-46,Maximiliano Singh,True,aavail_premium,23
767,united_states,31,Elliot Mccarthy,True,aavail_basic,19
768,united_states,27,Mina Jensen,True,aavail_basic,16
769,united_states,28,Spencer Yates,True,aavail_basic,16
770,united_states,31,Alani Correa,True,aavail_basic,23
771,united_states,26,River Marks,True,aavail_unlimited,10
772,united_states,26,Aaliyah Duarte,True,aavail_premium,22
773,united_states,25,Kason Chung,True,aavail_unlimited,17
774,united_states,25,Damon Boyer,True,aavail_basic,9
775,singapore,25,Opal Jacobs,True,aavail_premium,10
776,singapore,27,Talon Hayes,True,aavail_basic,8
777,united_states,27,Lawson Vo,True,aavail_premium,22
778,singapore,29,Paige Bryant,True,aavail_unlimited,16
779,united_states,35,Kehlani Ferguson,True,aavail_premium,22
780,united_states,25,Ellianna Gates,False,aavail_unlimited,12
781,united_states,29,Kassidy Macdonald,True,aavail_premium,23
782,united_states,29,Jose Harrison,True,aavail_unlimited,22
783,united_states,47,Iker Berger,True,aavail_basic,15
784,united_states,27,Cristiano Smith,True,aavail_basic,24
785,united_states,25,Rhett Leal,True,aavail_premium,22
786,singapore,28,Blake Harris,True,aavail_basic,21
787,united_states,-47,Jake Banks,True,aavail_basic,16
788,united_states,45,Zaire Cook,True,aavail_premium,21
789,united_states,27,Christopher Hendrix,True,aavail_basic,22
790,united_states,40,Mercy Tapia,True,aavail_basic,14
791,singapore,42,Kenzo Pollard,False,aavail_unlimited,22
792,singapore,43,Clyde Caldwell,True,aavail_basic,14
793,united_states,29,Kamden Barton,True,aavail_unlimited,23
794,united_states,33,Aria Vasquez,True,aavail_premium,22
795,singapore,28,Sullivan Mccall,False,aavail_premium,14
796,united_states,42,Monroe Oliver,True,aavail_unlimited,21
797,united_states,26,Brianna Pham,True,aavail_premium,20
798,united_states,25,Axton Jackson,True,aavail_premium,15
799,united_states,25,Cecelia Odom,True,aavail_premium,20
800,united_states,45,Celia Brewer,True,aavail_unlimited,14
802,united_states,24,Emilio Cruz,True,aavail_basic,19
803,united_states,42,Sterling Lucas,True,aavail_premium,21
804,united_states,31,Autumn Rich,True,aavail_basic,22
805,united_states,43,Koa Villarreal,True,aavail_unlimited,18
806,singapore,21,Dylan Potts,False,aavail_premium,21
807,united_states,29,Kinley Hancock,True,aavail_basic,18
808,singapore,49,Aspen Gardner,True,aavail_premium,13
809,united_states,25,Jamison Hansen,False,aavail_basic,13
810,united_states,45,Andy Le,True,aavail_unlimited,25
811,singapore,26,Paola Cole,True,aavail_basic,13
812,singapore,25,Frankie Molina,False,aavail_basic,23
813,singapore,31,Wyatt Nielsen,True,aavail_basic,17
814,united_states,28,Daisy Olsen,True,aavail_unlimited,23
815,singapore,29,Kylee Dillon,False,aavail_basic,18
816,united_states,32,Onyx Vang,True,aavail_basic,20
817,united_states,28,Eli Duran,False,aavail_premium,20
818,united_states,24,Elliott Perez,True,aavail_premium,20
819,united_states,38,Rey Farmer,False,aavail_unlimited,19
820,united_states,46,Elian Simmons,True,aavail_unlimited,22
821,singapore,27,Ashlynn Ahmed,False,aavail_basic,19
822,singapore,44,Issac Marquez,False,aavail_unlimited,16
823,united_states,26,Ignacio Brennan,True,aavail_premium,17
824,singapore,26,Nathaniel Strickland,True,aavail_premium,17
825,united_states,-48,Reece Gonzalez,True,aavail_basic,15
826,singapore,40,Kinsley Rollins,True,aavail_basic,20
827,united_states,28,Xzavier Campos,True,aavail_basic,23
828,singapore,-49,Will Gentry,True,aavail_basic,16
829,united_states,28,Elyse Nicholson,False,aavail_unlimited,21
830,singapore,45,Ledger Hanna,True,aavail_basic,9
831,united_states,29,Seth Vance,False,aavail_unlimited,22
832,united_states,29,Calvin Neal,True,aavail_premium,14
833,united_states,28,Jax Jordan,True,aavail_unlimited,23
834,singapore,29,Shane Lambert,True,aavail_unlimited,18
835,singapore,26,Westin Bowers,False,aavail_premium,16
836,singapore,39,Colton Mitchell,True,aavail_premium,10
837,singapore,32,Payton Silva,True,aavail_basic,18
838,united_states,26,Malakai Booker,True,aavail_basic,21
839,united_states,32,Dakari Cantrell,True,aavail_basic,6
840,singapore,24,Zoie Cortes,False,aavail_premium,20
841,united_states,27,Mitchell Arellano,False,aavail_premium,20
842,singapore,27,Allison Villalobos,False,aavail_premium,3
843,united_states,29,Leighton Brooks,True,aavail_basic,8
844,united_states,31,Millie Mcclure,True,aavail_premium,19
845,united_states,23,Darian Ho,True,aavail_premium,21
846,united_states,38,Grayson Malone,False,aavail_unlimited,27
847,united_states,-42,Maximilian Nolan,True,aavail_premium,22
848,singapore,24,Everly Horne,True,aavail_basic,19
849,united_states,24,Callan Truong,True,aavail_basic,17
850,united_states,32,Mack Cantu,True,aavail_premium,21
851,united_states,29,Theo Russo,False,aavail_basic,18
852,united_states,25,Brittany Hardy,True,aavail_basic,16
853,united_states,27,Ronan Bowen,True,aavail_basic,12
854,united_states,32,Anika Lane,True,aavail_unlimited,20
855,united_states,27,Kayson Oconnor,False,aavail_unlimited,20
856,united_states,27,Evan Weiss,True,aavail_unlimited,20
857,united_states,45,Chad Jenkins,True,aavail_premium,20
858,singapore,-48,Giovanni Richards,False,aavail_unlimited,15
859,singapore,26,Miles Friedman,False,aavail_unlimited,5
860,united_states,25,Langston Ponce,True,aavail_basic,16
861,singapore,36,Jaylah Church,False,aavail_unlimited,17
862,united_states,-38,Rene Howe,True,aavail_premium,23
863,united_states,32,Bryant English,True,aavail_premium,19
864,singapore,33,David Huynh,False,aavail_basic,18
865,united_states,25,Raul May,True,aavail_basic,16
866,united_states,31,Coleman Reyna,True,aavail_premium,23
867,singapore,26,Marcelo Wells,True,aavail_unlimited,15
868,united_states,30,Decker Lindsey,True,aavail_basic,20
869,singapore,32,Joyce Short,True,aavail_basic,20
870,united_states,28,Bria Hartman,False,aavail_premium,21
871,united_states,-49,Victor Bautista,False,aavail_premium,22
872,united_states,27,Avi Martin,True,aavail_basic,17
873,united_states,30,Amaris Rice,True,aavail_premium,23
874,united_states,25,Jermaine Mckay,True,aavail_premium,14
875,singapore,31,Jack Franco,False,aavail_unlimited,12
876,united_states,44,Johnny Clarke,False,aavail_premium,20
877,united_states,28,Lainey Baldwin,True,aavail_basic,21
878,united_states,26,Emmeline Moon,True,aavail_unlimited,22
879,singapore,44,Manuel Foley,False,aavail_basic,15
880,united_states,26,Cruz Burke,True,aavail_premium,20
881,united_states,50,Rowen Owens,True,aavail_premium,22
882,united_states,24,Serenity Ali,True,aavail_basic,24
883,united_states,26,Milo Wiggins,True,aavail_unlimited,22
884,singapore,27,Hamza Frost,False,aavail_unlimited,13
885,united_states,25,Makayla Williamson,True,aavail_premium,23
886,united_states,50,Wallace Faulkner,False,aavail_unlimited,6
887,united_states,47,Alaya Patterson,True,aavail_premium,21
888,singapore,28,Alexis Price,False,aavail_unlimited,10
889,singapore,29,Quinn Murphy,False,aavail_unlimited,15
890,united_states,46,Lennox Dickerson,True,aavail_premium,21
891,united_states,49,Jasmine Sampson,True,aavail_unlimited,9
892,singapore,26,Penelope Shaw,True,aavail_basic,3
893,united_states,29,Sunny Rocha,True,aavail_basic,14
894,united_states,26,Cohen Phelps,True,aavail_basic,17
895,united_states,36,Paisleigh Bauer,True,aavail_unlimited,17
896,singapore,31,Ryder Welch,False,aavail_basic,19
897,united_states,27,Jordan Escobar,True,aavail_basic,18
898,united_states,44,Ramona Donovan,True,aavail_premium,21
899,singapore,32,Keenan Krueger,True,aavail_basic,19
900,united_states,35,Emery Blankenship,True,aavail_basic,20
901,united_states,27,Timothy Hayden,True,aavail_premium,20
902,united_states,26,Maximo Bonilla,False,aavail_basic,14
903,united_states,27,Waylon Kline,True,aavail_basic,20
904,united_states,30,Uriel Hudson,True,aavail_basic,18
905,united_states,32,Kannon Russell,True,aavail_unlimited,22
906,united_states,26,Xiomara Benjamin,True,aavail_basic,20
907,singapore,35,Samira Roach,False,aavail_premium,16
908,singapore,50,Thiago Foster,True,aavail_basic,18
909,united_states,29,Alonzo Li,False,aavail_premium,22
910,singapore,27,Maxton Tyler,True,aavail_basic,21
911,united_states,30,Yael Gill,True,aavail_premium,16
912,singapore,32,Ray Lynn,True,aavail_basic,20
913,singapore,27,Amara Boyle,False,aavail_premium,13
914,united_states,22,Orlando Gonzales,True,aavail_unlimited,18
915,united_states,30,Aries Parra,True,aavail_basic,19
916,united_states,26,Matteo Townsend,True,aavail_basic,14
917,singapore,28,Tatum Atkinson,False,aavail_unlimited,15
918,united_states,29,Nyla Burton,True,aavail_basic,17
919,united_states,29,Jenna Poole,True,aavail_basic,18
920,singapore,28,Drake Love,False,aavail_premium,9
921,singapore,25,Emmaline Frank,False,aavail_premium,14
922,united_states,42,Riley Hebert,True,aavail_basic,22
923,united_states,37,Sophia Deleon,True,aavail_premium,14
924,united_states,19,Margot Marshall,True,aavail_unlimited,18
925,united_states,30,Reginald Mejia,True,aavail_unlimited,18
926,united_states,27,Dennis Sparks,True,aavail_premium,23
927,singapore,33,Preston Page,True,aavail_unlimited,20
928,united_states,29,Marvin Sutton,True,aavail_unlimited,19
929,united_states,41,Jemma Colon,False,aavail_basic,25
930,united_states,26,Jerry Cordova,True,aavail_basic,19
931,united_states,47,Chance Good,True,aavail_premium,19
932,singapore,31,Noor Stuart,True,aavail_premium,9
933,united_states,31,Carmen Blair,True,aavail_unlimited,18
934,united_states,45,Forrest Parks,True,aavail_unlimited,19
935,united_states,27,Antonio Burnett,True,aavail_premium,19
936,united_states,32,Terrance Bernard,True,aavail_unlimited,17
937,united_states,26,Jaylen Rhodes,False,aavail_basic,19
938,singapore,28,Ashley Zimmerman,False,aavail_basic,20
939,united_states,39,Hugh Livingston,True,aavail_unlimited,19
940,united_states,30,Nickolas Mays,True,aavail_basic,18
941,united_states,35,Brock Benson,True,aavail_unlimited,18
942,united_states,46,Conrad Choi,True,aavail_basic,18
943,singapore,43,Gracelynn Fry,False,aavail_unlimited,24
944,united_states,29,Cadence Holland,True,aavail_premium,18
945,singapore,30,Jasiah Schroeder,False,aavail_basic,16
946,united_states,44,Lionel Snyder,True,aavail_unlimited,21
947,united_states,27,Nasir Morgan,True,aavail_unlimited,22
948,united_states,31,Adaline Ortiz,True,aavail_premium,18
949,united_states,28,Aubriella Mccoy,False,aavail_basic,22
950,singapore,26,Grant Preston,False,aavail_premium,13
951,united_states,26,Annie Henderson,True,aavail_premium,23
952,united_states,34,Kayleigh Lugo,True,aavail_premium,23
953,united_states,26,Travis Harrington,True,aavail_premium,20
954,united_states,45,Haley Velez,True,aavail_premium,20
955,united_states,31,Beckham Rosales,True,aavail_premium,24
956,united_states,49,Harper Collins,True,aavail_basic,21
957,singapore,25,Stetson Kim,True,aavail_basic,20
958,singapore,-49,Edgar Browning,True,aavail_premium,12
959,united_states,29,Deandre Lyons,True,aavail_premium,17
960,united_states,47,Juliana Arnold,True,aavail_unlimited,22
961,united_states,29,Nicholas Mcintyre,True,aavail_unlimited,21
962,singapore,44,Jurnee Clay,True,aavail_premium,12
963,united_states,33,Thomas Allison,True,aavail_basic,26
964,united_states,46,Dakota Gray,True,aavail_basic,21
965,united_states,44,Saint Wright,True,aavail_basic,20
966,united_states,26,Clay Rush,True,aavail_premium,22
967,singapore,24,Aniyah Moreno,True,aavail_premium,15
968,united_states,36,Samson Hicks,True,aavail_premium,20
969,united_states,28,Ezequiel Drake,True,aavail_basic,17
970,singapore,-47,Gordon Proctor,False,aavail_premium,13
971,united_states,32,Teagan Griffin,True,aavail_premium,18
972,united_states,25,Diana Wise,True,aavail_unlimited,22
973,united_states,50,Maryam Sheppard,True,aavail_basic,17
974,united_states,20,Simon Stokes,True,aavail_unlimited,17
975,united_states,-42,Leo Harper,False,aavail_basic,22
976,united_states,28,Thatcher Best,True,aavail_basic,18
977,united_states,31,Crew West,True,aavail_unlimited,20
978,singapore,25,Boston Stark,False,aavail_premium,8
979,singapore,31,Elisha Bishop,True,aavail_basic,17
980,united_states,25,Forest Bradshaw,False,aavail_premium,19
981,united_states,28,Carlos Mckenzie,True,aavail_unlimited,25
982,singapore,30,Cassandra Guerrero,True,aavail_basic,18
983,singapore,24,Dominic Trujillo,True,aavail_premium,13
984,singapore,-40,Westley Leon,True,aavail_basic,20
985,united_states,29,Juliette Fitzgerald,True,aavail_premium,22
986,united_states,32,Adam Burns,True,aavail_basic,19
987,united_states,29,Bianca Benitez,True,aavail_basic,15
988,united_states,26,Soren Leach,True,aavail_premium,17
989,united_states,39,Anakin Shepherd,True,aavail_basic,13
990,united_states,33,Liv Howard,True,aavail_basic,21
991,singapore,30,Mariah Rangel,True,aavail_basic,11
992,united_states,22,Mary Newton,False,aavail_premium,20
993,united_states,31,Asher Shelton,True,aavail_unlimited,22
994,united_states,44,Zahir Cabrera,True,aavail_unlimited,7
995,united_states,25,Steven Bean,True,aavail_basic,21
996,singapore,-39,Peyton Enriquez,False,aavail_unlimited,14
997,united_states,29,Amina Manning,True,aavail_basic,24
998,united_states,30,Brooks Ventura,True,aavail_unlimited,17
999,united_states,45,Nayeli Mathis,True,aavail_unlimited,16
1000,united_states,26,Cole Solis,True,aavail_unlimited,18
801,singapore,-45,Kora Snow,False,aavail_unlimited,17
